Ababaster, Abbey, Abbie, Abbott, Abby, Abercrombie, Abigail, Abner, About Face, Abra, Abra & Cadabra, Abracadabra, Abraham, Absinthe, Academy, Ace, Acorn, Action, Adagio, Adam, Adam White, Adipose, Adrianna, Aerial, Aggie, Aidan, Aiko, Aimee, Ainsley, Air, Aisha, A-jay, Akane, Akeeta, Alabama, Aladdin, Alana, Alaska, Alastriona , Albert, Albino, Albus Percival Wolfric Brian Dumbledore , Alby, Aldous Hutchley, Alec , Aleister, Alex, Alexa, Alexander, Alexander Bunny, Alexander Graham Bell, Alexander Graham Bunny, Alexander the Great, Alexandra, Alexia Lu, Alexistarr, Alexxis, Alf, Alfalfa, Alfie, Alfie , Alfonsina, Alfonsino, Algernon, Alice, Alice , Alicia, Allea, Alley , Allie, Allison, Almendro, Alpha, Alpheraz, Alpine, Alyse, Alyssa, Alzbeta, Amanda, Amaretto, Amaria, Amber, Ambrose, Ambrosius, Amelia, Amethyst, Amidala, Amie , Amigo, Amon-Ra, Amos , Amy, Amy Baby, Anais, Anastasia, Andy, anga, Angel, Angel Louise, Angel our Silky Star, Angel , AngelBill, Angie, Angora, Angora , Angus, Ani-Moomahla, Anise, Anisette, Anita, Ann, Anna, Annabel, Annabell, Annabelle, Annabelle Lee, Annabelle , Annie, Annie Angora, Annie Fannie, Annie Potatoes, Anniebelle, Anoop, Anselmo, Anthony Bunny, Antigone, Anuhea-mountain breeze, Anya, Aoife, Apache, Apachee, Aphra, Aphrodite, Apollo, Appallo, Apple, Apple Pie, Applejack, Apples, Applesauce, Appleton, Appollo, April, Aquabella, Aquabelle, Aquarius, Arby, Archibald, Archie, Archimedes, Arctica, Arduina, Arf, Argos, Ari , Arianna, Ariel, Arielle, Aristoteles, Armand Agador Marcellus, Arnie, Arnold, Arpeggio, Arsenic , Artemis, Arthur, Artic, Artichoke, Artie, Arya , Ash, Asha, Ashe, Ashes, Ashley, Asia, Askhim, Aslan, Aspen, Aspera, Aster, Asterix, Astro, Ata, Athabasca, Athena, Atom, Atomic, Attach, Attila, Attila the Bun, Attitude, Auburn, Audi, Audrey, Augie, August Phelps, Augusta, Aura, Aurora, Aussie, AussieStarr, Austin, Austingirl, Auto, Autumn, Avalanche, Avalon, Avignon, Axel, Ayee, Ayla, Ayosha, Azure, B. Diddy, Babbit, Babe, Babe Ruth, Babette, Babies Breath, Babs, Baby, Baby belle, Baby Huey, Babycakes, Babydoll, BabyMisty, Bacardi, Bach, Backdraft, Badger, Bagel, Baggins, Bagpuss, Baguette, Bailee, Bailey, Bailey , Baja, Baker, Balls, Balogny Bunny, Baloo, Balou, Baly, Bam, Bam Bam, BamBam, Bam-Bam, Bambi, Bambina, Bamboo, Bamby, Bamby Marii, Bams, Banana, Banana Toad, Band-aid, Bandana, Bandit, Bandito, Banditto, Banger, Bap, Baracuda, Barbie, Barbie Q, Barcode, Barkley, Barkly, Barksalot, Barley, Barlow, Barnaby, Barnaby Bunny, Barnacle, Barnet, Barney, Barnum, Baron, Baroness Brownie VonMarshmallowsocks, Baroness Streak Von Binkey, Barron, Barry White Bunny, Bart, Basher, Bashful, Basil, Basilio Bunnyfacio Rabbitnovitch , Baskin Fudge Bunny, Basmati, Basse, Bastet, Bathilda, Batman, Batman , Baxter, Baylea, Bazaar, Bazzle , BB, B-bop, BC, Beach Bum, Beaker, Beamer, Bean, Bean , Beanie, Beans, Bear, BearBear, Beastie Boy, Beastly, Beat Bunni, Beaton, Beatrice, Beatrix, Beau, Beau Ty , Beauchamp , Beaumont, Beauty, Beaver, Becca, Beckett, Becky, Bee, Beebee, Beechnut, Beef, Beefur Bunny-Wabbit, Beejou, Beelzabub, Beethoven, Beetle Bailey, Beevis, Beezie, Beezle, Beggin, Begonia, Beignet, Beijing, Bejay, Bell , Bella, Bella , BellaDonna, Belle, Belle / Big Belle, Bellini, Bells, Ben, Bendicks, Benge, Benitez, Benito, Benjamin, Benjamin Bunny, Benji, Benji , Benjy, Bennett, Bennie, Bennita Bunny, Ben-n-Jerry, Benny, Benny MacBunny, Benny , Benson, Bently, Benton, Benton Kansas Storm, Beowulf, Beppe, Beret, Berlioz, Bermuda, Bernadette, Bernadette , Bernice, Bernie, Berry, Berry-boo, Bert, Bertie, Bertie Bubbles, Bertie Bunny, Beryl, Bes, Bessie, Bessy Sue, Bet, Beta, Beth, Betsy, Betsy Marie, Bettina, Betty, Betty Boo, Betty Bunny, Betty White, Betty , BettyBooperz, Betulla, Bewick, Bhagat Singh, Bianca, Bianca , Bianica, Bib, Bibbity, Bibi, Biddle, Biddy, Bidik, Bidsey, Biff, Big, Big Boy , Big Bun, Big Daddy, Big Ears, Big Foot, Big Mama, Big-eared-cherub, Big-Ears, Bigfoot, Bigger, Biggins, Biggles, BigMack, Bigwig, Bigwig , Bijou, Bilberry, Bilbo, Bilbo Baggins, Bill, Billabong, Billie Jean, Billsworth, Billy, Billy , Bina, Bindy Sue, Bing, Bingle, Bingo, Binks, Binky, Binky , Binkyboy, Binny, Binx, Bippity, Birdie, Biscotti, Biscotti , Biscuit, Biscuit , Bishop, Biskitt, Biter , Bitsy, Bitty, Bizerck, Bizkit, BJ, Black, Black Beard, Black Beauty, Black Jack, Black Rabbit of Inlé, Black Rose, Black Silk, Black Widow, Blackavar , Blackberry, Blackie, Blackie , Blackjack, Blacky, Blaise, Blanca, Blaze, Blaze , Blazer, Blessings, Blink, Blinky , Bliss, Blitz, Blitz , Blizzard, Blizzard , Blondi, Bloom, Blooper, Blossman, Blossom, Blot/Blottie, Blottie, Blu, Blu Boy, Blu , Blue, Blue Eyes, Blue Moon, Blue Ridge, Bluebell, Bluebell , Blueberry, Bluto, BMW , Bo, Boaz, Bob, Bob the Bunny, Bobby, Bobby B. , Bobby Lee, Bobo, BoBo , Bobtail, Boco, Bodie, Bodkin, Boffin, Boger, Bogie, Bogle, Boing Boing, Bojangles, Bologna, Bolt, Bombon, Bon Bon , Bonbon, Bon-Bon, Boncuk, Boney, Bongo, Bonjour, Bonnet, Bonnie, Bonnie Belle, Bonnie Black, Bonnie Jean, Bonny, Bonsai, Bonsai Treat, Bonus, Bonzai, Bonzie, Boo, Boo Boo, Boo Boo Baby Bunny, Boobers, BooBoo, Boodaboo, Boofie, Boogie, BoogieBear, Boogity, Boom-Boom, Boomer, Booney, Boop, Boopsie, Booter, Booties, Boots, Boppity, Borage, Boris, Bosco, Bosephus, Bosie, Bosley, Boss, Boss Man, Bossy, Boston, Boswell, Bottom, Bounce, Bouncer, Bouncy, Bounnie, Bounty, Bow Wow, Box Car Bailey, Boxy, BoyToy, Boz, Bracken, Brad, Brady, Bramble, Brambles, Bramley, Brandi, Brandi Jo, Brando, Brandy, Branston, Brat, Braveheart, Bravo Whiskey, Breece, Breeze, Breezy, Breezy , Brenda, Brewer, Brian, Brian Bucket, Brianna, Briar, Briar , Brick, Brickette, Bricola, Bricola , Bridget, Brie, Bright Eyes, Brillo, Brinkley, Briosche, Brittany, Brixi Saxifraga, Broccoli, Brodie, Broker, Bronco, Bronson, Brooke, Brown, Brown sugar, Brownie, Brownie , Bruce, Bruiser, Brummel, Bruno, Brutus, Bruzer, Bryony, Bryson, Bubba, Bubba Jean, Bubbie, Bubblegum , Bubbles, Bubbles , Bubby, Buck, Buck Rogers, Bucket, Buckeye, Bucks Fizz, Buckthorn, Buckwheat, Buckwheat , Bucky, Buckybun, Bud, Buddha, Buddie, Buddy, Buddy Holly, Buddy Love, Buderick , Budget, Budgie, Bud-Yee , Buff, Buffet, Buffy, Buffy , Buford, Bug, Buggers, Buggy, Bugs, Bugs Bunny, Bugs Bunny , Bugs , Bugster, Bugsy, Bugsy K Ravbitz, Bugsy or Bugsie, BugsyJo, Bugzy, Buhda, Bullet, Bullwinkle, Bully, Bumble, Bumblebee, Bumper, Bumper Bunny, Bun, Bun Bun, Bun Buns, Bun Franklin, BunBun, Bun-Bun, Bundle, Bundy, Bungee, Bungie, Bungle, Bunita Bunzalez, Bunjamin, Bunjamino, Bunkins, Bunky, Bunna, Bunneton, Bunnicula, Bunnie Wabbit, Bunnilla Ice , BunniLuv, Bunny, Bunny Bunny Pumpkin Head, Bunny Face , Bunny Foo Foo , Bunny Girl, Bunny Goodman, Bunny Hendrix, Bunny Holly, Bunny Joe Hazlehead, Bunny Kitten, Bunny Lulu, Bunny O’Hare, Bunny One, Bunny Siegel, Bunny Two, Bunny , Bunnybee, Bunny-Bo, Bunnyhops, Bunnykin, Bunnyta, Buns, Buntin, Bunty, Bunyella, Bunzilla, Burl, Burleigh Harwood, Burroughs Deeply Underhay, Burt, Burton, Busby, Buster, Buster , Busy Lizzie, Butch, Butler, Butter Bean, Butterball, Butterbean, Buttercup, Buttercup , Butterfinger, Butterknife, Butternut, Butterscotch, Butterscotch , Button, Button or Buttons, Buttons, Buwale, Buzz, Buzzerk, Buzzy, Cabbage, Cabo, Caboose, Cadance, Cadburry , Cadbury, Caesar, Caesar Valentines Delight, Cagney, Cairo, Caitlin, Calamity Jane, Calculus, Cale, Calhua, Cali, Calibra, Calico, Callie, Calliope, Calpurnia, Calvein, Calvin, Calypso, Camelot, Cameo Beta Quits, Cameron, Cami, Camilla, Camille, Camillino, Camillo, Camomile, Camouflage, Campion, Camron , Cancy, Candace, Candy, Candy Cane, Candy Corn, Cannelle, Cannit, Cannoli, Canon, Caper, Cappuccino, Cappuccino , Capri, Captain, Captain Cuddles, Captain San Sparrow, Capucine, Cara, Caramac, Caramel, Caramel Chocolate Dream, Carbonal, Caribou, Carl, Carley, Carmel, Carolina, Caroline, Carress, Carrie-Anne, Carrion, Carrot, Carrot Cake, Carrots the Bunny, Carter, Cartman, Cartoonie, Casanova, Casasha, Casey, Casey Moon, Casey , Cash, Cashew, Cashmere, Cashmere Eddie, Caspara, Casper, Cass, Cassidy, Cassie, Castor, Cat, Catchme, Cavalier, CC, Cecil, Cecile, Cecile , Cecilia, Cedar, Cedric, Celeste, Celestial, Celestine, Celine, Centerline, Centinela, Ceri, Cetti, Ceyna, CH Sherlock Holmes de Lansor, Cha Cha, Chachi, Chalet, Chaley, Chalmer, Champ, Champagne, Champagne Charlie, Champion, Chance, Chances Elenor, Chancey, Chancy, Chandi, Chandler, Chandon, Chanel, Chanele , Chantal, Chantilly Lace, Chaos, Chaps, Charcoal, Charcoal Jackson , Charity, Charizard, Charles, Charley, Charley Bunnifred Nubble, Charlie, Charlie Brown, Charlie Bunnet, Charlie Fru Fru, Charligh , Charlituna III, Charlotte, Charmin, Charmine, Charming, Chase, Chaser, Chastity, Chateau, Chauncey, Chauntel, Chaz, Che Che, Checkers, Cheddar, Cheeko , Cheeky, Cheers, Cheetara, Chef, Chelsea, Chelsea Bun, Chelsey, Chelsey Belle, Chenille, Chenna, Cher, Cherie, Cherish, Cherrie, Cherry, Cherubim, Chervil, Chesapeake, Cheshire, Chesley and Tiger, Chesney , Chessa, Chessie, Chesswood, Chester, Chester Carmichael, Chester Wayne Hotrum, Chester , Chesterfield , Chesterita, Chestnut, Chevez, Chevy, Chewbacca, Chewer, Chewy, Cheyana, Cheyenne, Chi-anna, Chianti, Chibi, Chica, Chick, Chickeeta, Chickpea, Chico, Chicory, Chief, Chief Bear, Chiffon, Chigger, Chiko, Chili, Chilly, Chimo, China, Chino, Chino , Chinook, Chip, Chipie, Chipper, Chippy, Chips, Chiquita, Chirio, Chirpy, Chita, Chloe, Chloe , Chobi, Choco, Chocolate, Chocolate Bar , Chocolate Chip, Chocolate Moose, Chocolate , Choco-paws, Cholmondley, Chompi, Chopin, Chopper, Choux Bun, Chowder, Chrisher, Chrissie, Chrissy, Christmas, Christmas Sunday, Christofur, Chub Chub , Chubby, Chub-chub, Chuck, Chuck , Chuckie, Chucky, Chuffy, Chum, Chum Chum, Chunk, Church, Churchill , Chuubi, Cicely, Cider, Cilla the Chinchilla, Cinder, Cinderella, Cinders, Cindi Lopper/Cindi Hopper, Cindy, Cindy Lop-ear, Cinna Bun , Cinnabar, Cinnabun, Cinnamon, Cinnamon Bun, Cinnamon Oatmeal and Raisin, Cinnimon Bun, Cinnimon Stick, Ciro, Cirrus, Cirrus , Citron, Citrus, CJ, Clairie, Clark, Classy, Claude, Clawdete, Clawdia, Clawdine, Clawdius, Claws, Claymore, Clementine, Clementine , Cleo, Cleo , Cleo-bell, Cleopatra, Cliff, Clinton, Clipper, Clive, Cloe, Clogs, Cloud, Cloudia, Cloudy, Clover, Clover , Cluster, Clyde, Clyde , Coach, Coal, Coby, Coca, Coco, Coco Jumeau, Cocoa, Cocoa Bean, Cocoa , CocoaBean, Cocoanut, Coconut, Codi, Cody, Coffee, Coffee Bean, Coffee Bean , Cohl, Coin, Coinin, Coinin , Cola, Colbalt, Colby, Colin, Collussus, Colonel, Colonel Fuzzman, Coltrane, Comanche , Comet, Commander, Commander Bun-Bun, Conaign, Conan, Conchetta, Conchita, Coney, Confetti, Connie, Connor, Conor, Conptessa, Control, Coochie, Cookie, Cookie , Cookies N Cream, Cookstofer Columbus, Cooney, Cooper, Cooper , Cooter, Copey, Coppedge, copper, Coral, Corbin, Corbn, Cordelia, Cordell, Corey, Coriander, Corky, Corncob, Cornelius , Cornflake, Cornflower, Cornielia Marie, Cory, Cosby, Cosette, Cosmo, Cosmo Kramer, Cosmo , Cosy, Cotton, Cotton Candy, Cottonball, Cottonbud, Cottontail, Cottontail , Cottontip, Cougar, Courage, Courgette, Cow, Cow Bunny, Cowbelle, Cowboy, Cowslip, Coyote, Cpt. Alexander Beardsley Mullins, Cracker, Cracker Jack, Crackerjax, Crackle, Cranberry, Crayon, Crazy, Crazy Horse, Crazy Rabbit, Cream, Creampuff, Credit, Cricket, Crispin, Crispy Creme, Critter, Critter , Crochet, Crombie, Cruiser, Crumpet, Crunch, Crunchie, Crusoe, Crystal, Crystal , Csikasz, Cubbie, Cubby, Cucciolo, Cuddles, Cuddles , Cuddly, Cui, Cupcake, Cupcake , Cupid , Cuppie, Cuppie Girl, Curious George, Curlew, Curley, Curly-La-Pig, Currant, Currant bun, Curtis, Custard, Cuthbert, Cutie, Cutie Agouti, Cutie pie, Cutiepie , Cyan, Cyclone, Cyrus,Dabba, Daffine, Daffodil, Daffy, Daffy , Dahlia, Daintylady, Dairy, Daisy, Daisy dumpling, Daisy mae, Daisy Mae/May, Daisy , Daken, Dakota, Dakota , Dalai Lulu, Dale, Dallas, Dallie , Dally, Damia, Damian, Damon, Damson, Danaijia, Dancer, Dandelion, Dandelion Joe, Dandelion , Dandie, Dandy, Dandy Lion, Dandy , Danerys , Daniel, Danielle, Dank, Danni , Danny, DanShea, Dante, Dantie, Daphne, Dapper, Dapple, Dar, Darby, Darcy, Dariq, Darius, D’Artagnan, Darth Vador, Darwin, Dash, Dasher , Data, Dave , David B., David Hasselhop, DaVinci, Dawg, Dawson, Daylily, Daz Janay, Dazzle, Dean, Debbie, Decibel, Decker, Deduct, Dee, Dee Dee, Deefer, Deja Vu, Del Ray, Delia, Delight, Delilah, Delilah , Della, Dellight, Delta, Delwen, Demi, Dennis, Dennis Hopper, Denny, Denzel, Denzil, Der Fluffenheiny, Derby, Dermot, Derringer, Des Za Rae, Desari, Desire, Desmond, Desmond Toto, Desmond Tutu, Desoto, Destiny, Devale, Devil Bunny, Devin, Devine, Dewdrop, Dewey, Dexter, Dezi, Dezmond Boom Feathers, Dharma, Diablo, Diamante, Diamond, Diamonds Dazzlin’ Daizy, Diana, Dib, Dibley, Didi, Diego, Diesel, Dig it, Digby, Digger, Diggit, Diggory, Dilbert, Dill, Dillawar, Dillon, Dillon Poop, Dilly, Dilly Dally, Dime, Dimples, Dinah, Ding Dong Buns, Dinka, Dinky, Dinner, Dino, Dion, Dipper Dippa, Dipsy, Disco, Disney, Ditter, Dittle One, Ditto, Divinity, Dixie, Dixie Chick, Dixie , Dizzy, Dizzy Gizzy, Dobedoo, Doby, Doc, Dodge, Dodger, Doeder, D-O-G, Dolby, Dolce, Dolcetto/Dolcettino , Dolittle, Dollar, Dolly, Dolly , DoMajour, Domingo, Dominic, Domino, Domino Confetti, Domino , Dominoe, Donald, Dongle, Donny, Donovan, Dooby, Doodles, Doodles , Doogie, Dookie, Doowop, Dopey, Dopey , Dora, Dora , Dorian , Doris, Dorito, Dorothy, Dorothy , Dot , Dottie, Dotty, Dotz, Double, Doublestuf, Doug, Dougal, Doughnut, Douglas, Dove, Downy, Dr. Bunny, Dr. Greenthumbs, Dr. Spock, Dr. Suess, Draco, Dream, Dreamer, Dreamin, Dreamy, Drifter, Drizzle, Drizzly, Droopy, Droplet, Dropsy, Drummer, Drusilla, Dublin, Dubonnet, Duchess, Duchess Buttercup, DuckieSue, Ducky, Dud, Duddles, Dude, Dude , Dudley, Dudley , Duffer, Duffle, Duffy, Duke, Duke , Dulcet, Dulcie, Dumas, Dumbo, Dumpling, Dumpty, Duncan, Dundee, Dunkin, Dunlin, Dusky, Dustbunny, Duster, Dusti, Dustin, Dustin Hoppin, Dusty, Dusty Rusty, Dutch, Dutch , Dutchboy, Dutchess, Dutchie, Dutchies, Dylan, Dyna, Dynamo, Earnhardt , Earwig, Easter Bunny, Easter Joy, Easy Tempo , Ebony, Ebony Moon, Ebunny, Eccles, Echo, Eclair, Éclair, Eclipse, Eclipse , Eclypse, Ed, Ed , Eddie, Eddie Angora, Eddy, Edie G., Edward, Edward , Edwina, Eeyore, Eezy, Egbert, Egg, Eighty Eight, Einstein, Eisenhower, El Camaro, El-ahrairah, Elantra, Elderberry, Eleanor, Electra, Eleni, Elephant, Elfie, Elias, Elivs, Elizabeth, Ella, Ellie, Elliot, Elliott, Elmer, Elmo, Elmo , Eloise, Elroy, Elsa, Elsie, Elton, Elvira, Elvis, Elvis Parsley, Elvis , Elwood, Ely, Ember, Emerald, Emerson, Emilio, Emily, Emily , Emma, Emmet, Emmi, Emmit, Emmitt, Emmy Garnet, Emmy and Oscar, Emory, Empire, Energizer Bunny, Enigma, Enk, Enola, Enola Baby, Enuff, Envey, Enya, Enyalaya, Enzo, Eric, Erik, Erin, Ernest, Ernestino, Ernie, Esme, Espresso, Esquilax, Essie, Esther, Esther Bunny, Ethel, Etoile, Eugenie, Eva, Eve, Eve , Everafter, Everready, Evl, Ewok, Excite, Exel, Exkimo, Ezri, Fabian, Fabio, Fairlane, Fairy Cake, Faisal, Faith, Fakewich, Fancy, Fancyfree, Fang, Fantasia, Fantasy, Farah, Farhad , Farley, Fast Eddie, Fast Freddie , Fatal, Fatboy, FatCat, FatRat, Fats, Fattie, Fatty , Feather, Feathers, Featherston, Feedback, Feisty Bunny, Felicity, Felix, Fella, Feller, Felony, Femke, Fennel, Ferdy, Fergie, Fergus, Fern, Ferrano, Fetch, Fever, Feya, Fidget, Fido, Fido , Fiesta, Fieval, Fifi, Fifi , Fig, Figaro, Figaro , Figment, Fila, Filly, Finesse, Finious Thompkin MacGregor, Finlay, Finn, Finnbar, Finnigan, Fiona, Fionnula, Firecracker, Firey-Birey , Fisher, Fish-fish , Fishy, Fitch, Fiver, Fizgig, Fizz, Flair, Flakey , Flam , Flamingo, Flannel, Flap, Flapjack, Flapper, Flash, Flash Gordon, Flashy, Flat Eric, Flea, Fleabag, Fleming, Fletch, Fletcher, Fleur, Fleurs, Flick, Flicker, Flip, Flip Flop, Flip flop , Flip-Flop, Flipper, Flo, Flo , Floortje , Floperella, Floppssy, Floppy, Floppy Puff Puff , Floppy , Flopsy, Flopsy Eve, Flopsy Hare, Flopsy , Flora, Florentin, Floris, Floss, Flossie, Flossy, Flotty, Flounder, Flower, Floyd, Fluff, Fluffball, Fluffbum, Fluffernutter, Fluff-Fiver-Fonteyn, Fluffy, Fluffy Bum, Fluffy Cake , Fluffy Girl , Fluffy Jane, Flurry, Fly, Flynn, Foggy, Follyfoot, Fomsey, Fonsina, Fonsino, Fonzie, Foo Bar, Foo Foo, Foo-Foo, Footloose, Forest Jump, Forget-Me-Not, Fortune, Foxi, Foxy, Foxy , Foxygirl, Foxylady, Fracas, Fraidy, Francine, Francis, Frankenstein, Frankie, Frankie , Franklin, Frannie, Frapppacinno , Fraser , Freckles, Freckles , Fred, Freddie, Freddie Astaire, Freddy, Freddy Mac, Freedom, Freedom , Freelander, Freeway , Freeze, Frenchie, Freya, Friday, Friend, Friend Bunny , Frisbee, Frisco, Frisky, Fritz, Frizzle, Frodo, Frog, Frolic, Fronsay, Frostbite, Frosty, Frothy, Fruitcake, Fruity, Fu Manchu, Fuchsia, Fudge, Fudge , Fuffy, Fugalee, Funny Bunny, Funnygirl, Funnylady, Fur Elise, Furbaby, Furball, Furby, Furey, Furity, Furrgy, Furry, Furry Elise, Fusilli, Fusion, Fussy, Fuzz, Fuzz Bucket, Fuzzbutt, Fuzzette, Fuzzle, Fuzzy, Fuzzy Face, Fuzzy or The Fuzz, Fuzzy Wuzzy, Fuzzybutt, Fuzzypeg, Gabarella, Gabbie, Gabby, Gabe, Gabie, Gabriel, Ga’Day, Gadgit, Gage, Galahad, Galaxy, Galypso, Gambler, Gamma, Gammon, Gandalf, Garbo, Gareth, Garfield, Garnet, Garrett, Garth , Gaspard, Gator, Gator Bait, Gayka, Gazeebo, G’Day, Gee-Gee, Gem, Gemini, Gemma, George, George Thurston Fluffybum , Georgeanne, Georgette, Georgia, Georgina, Geppers, Gerald, Geraldine, Geri Lea, Geronimo , Gershwin, Gertie, Ghiradelli, Ghost, Gian, Gianni, Gibby, Gideon, Gidget, Gieger, Giggs, Gigi, Gilbert, Gilbert Grape, Gilligan , Gimley, Gimpy Bun, Gin, Ginger, Ginger , Ginny, Gino, Ginseng, Giorgio, Gipsy, Gir, Girlie, Giro, Giselle, Giuseppe, Gizmo, Gizmo , Gizzy, Glasha, Glen, Glitter, Glory, Gobbolino, God, Godiva, Godzilla, Goldie, Goldy, Goliath , Golly, Gomer, Goober, Goodbye, Goody, Goody Two-Shoes, Goofy, Goofy , Gordon, Gordy, Goro, Gossip, Gotcha, Gothica, Goya, G-P, Grabbit, Grace, Gracie, Gracie Anne, Gracie Defusco, Gracie Jewelanne, Gracie Lou, Gracie Lu, Gracie Lu DeFusco, Grady, Grand, Grandberry, Grandma , Granola , Grant, Grasshopper, Gravy, Gray, Gray Lady, Gray Slick, Gregori, Greippi, Gremlin, Grenchin, Grendal, Greta, Gretchen vom Buchstrand, Grey willow, GreyFire, Gricik, Griffin, Grizzly, Gromit, GrossDex, Groucho, GRUB, Grumblebunny, Gsxr, GT , Guacamole, Guapa , Guapo, Gucci, Guenever, Guffy, Guido, Guido , Guinness, Gumby, Gumdrop, Gump, Gun, Gunter, Guppy, Gus, Gusto, Guy, Gwai Gwai, Gweeby, Gwendolyn, Gwendy, Gweneth, Gwynedd, Gwyneth, Gypsy, Hadie, Hailey, Haize, Hakima, Half Pint, Halleberry, Halloween, Halston, Hambone, Hamilton, Hamish, Hamlet, Hamsmith, Handy Andy, Hank, Hanna Banana Hannah Pyran, Hannah, Hannah-Belle, Hannibal, Hans , Happy, Happynose, Harding, Harebell, Harlequin , Harley, Harley Quinn , Harley , Harli, Harmaa, Harmony, Harold, Harpo, Harriet, Harris, Harrison Radar Jones, Harry, Harry Bottomhiggen, Harry Little Hero, Harry Potter, Harvard J, Harvest, Harvey, Harvey Wallbanger, Has en pheffer , Hasa , Hasenpfeffer, Hasenpfeffer , Hathor, Hattie, Hatty, Havana, Havel, Havoc, Hawk, Hawthorn, Hawthorne, Hay, Haydn, Haystack , Hazard, Haze, Hazel, Hazel , Hazelnut, Hazelnut Without the Nut , Hazelnut , Hazey, Hazlebun, Hazy, Heath, Heather, Heaven Bound, Hector, Hedda, Hefner , Heidi, Hello, Heloise, Hemingway, Hendrix, Henrietta, Henry, Henry , Hephaesta, Her Grace, Hera, Herbert, Herbie, Hercules, Herman, Hermione, Hero, Hershey, Hershey Kiss, Hershey , Hetty , Hey, Hickory Dickory Dock, Hilary , Hilbert, Hilda, Hip, Hip Hop , Hiphopicus, Hippityhoppity Hippity Hoppity, Hippolito, Hippy , Hiroshi, Hobbie, Hobbs, Hobo, Hobson, Hocus, Holly, Holly , Homeboy, Homer, Homer , Homey, Honda, Honea Bunn, Honey, Honey Bun , Honey Bunny, Honey Bunny , Honey drizzle, Honey Nut, Honey , Honeybear, Honeyblossom, Honeybun, Honeybunch, Honeybunny, HoneydaBunny, Honeydew, Honeymoon, Honeynut, Honeysuckle, Hooch, Hoochie, Hoopoo, Hooter, Hoover, Hop, Hop Along, Hop Along Cassidy, Hopalong Cassidy, Hope, Hopgood, Hophazard, Hopi, Hopkin , Hopper, Hoppity , Hoppy, Hoppy Gilmore, Hoppy , Hops, Hopscotch, Hopscotch , Hopup , Horace , Horatio, Horror, Hortensia, Hoshi , Hot Cross Bun, Hot Dog, Hot Fudge, Hot Lips, Hot Rod, Hotlips Harold, Hotshot, Houdini, Hounddog, Howard, Howie, Hubie, Huck, Huckleberry, Hudson, Huey, Huff, Huggie, Huggy, Huggy Bunny, Huggy , Hugh, Hugo, Hugo Pugo , Hugs, Humbug, Humphrey, Humpty, Hungry, Hunny, Hunny Bunny, Hunny bunny , Hunnybunny, Hunter, Huntington, Huntley, Hurricane Maggie, Husky, Hustle, Hutch, Huxtable , Hyacinth, Hyde, Ice, Ice Man, Iceis, Icey, Icy, Ife, Iggy, Ike, Illusion, Illusions, Ilsa, Image, Imogen, Impress, Impression, Ina , Independence, Indi, India, Indie, Indigo, Indy, Indy-500, Inez, Inkberry, Inkblot, Inky, ino , Ioana, Iodine, Iota, IPA , Irena, Iris, Irish, Isaac, Isabella, Isabelle, Isadora, Isaiah, Ishmael, Isidoro, Isobel, Isobella, Isotta, Ivan, Ivory, Ivy, Iz, Izzie, Izzy, J.J. , J.W., Jabori, Jacinda, Jack, Jack Black , Jack Daniels, Jack Frost, Jack Pot, Jack Rabbit, Jackalope, Jackaroo, Jack-Daniels, Jackie, Jackie Chan , Jackman, Jacko, Jackpot, Jacksnipe, Jackson, Jacob, Jacob Hunter, Jacqueline Bunassis, Jacques, Jada, Jade, Jade , Jaeger, Jaffa, Jaffa Cake, Jag, Jaimie, JaJae, Jake, Jake the Moe, Jake , Jam, Jamal Mordecai Buns, James, James Bond, James Dean, Jamie, Jam-Jam, Jana, Janah, Jane, Janet, Jango, Janis Hoplin, Jap , Jarjar, JarJar Binks, Jarvis, Jasmine, Jasmine , Jason, Jasper, Jasper , Java, Java , Jax, Jay, Jazz, Jazzabelle, Jazzie, Jazzy, Jeanet, Jed, Jedi, Jeeves, Jefferson Airplane, Jellbean, Jelli, Jelly, Jelly Bean, Jelly Bean , Jelly Belly, Jellybean, Jemima, Jendi, Jenise, Jenna, Jennifer Lop, Jennifer , Jennifur, Jennifurr, Jennika, Jennings, Jenny Bun, Jenny Lynn, Jenson, Jeremy, Jerome, Jeronimo, Jerry, Jersey, Jerzee, Jessamine , Jesse, Jessi, Jessica, Jessica Rabbit, Jessie, Jessie , Jester, Jester , Jesus , Jeszy , Jet, Jetsam, Jett , Jetta, Jette, Jewel, Jewlz, Jezabell, Jezibell, Jiffy, Jigga, Jigger, Jiggly, Jiggly Puff, Jillian, Jilly , Jim, Jimbo, Jimi, Jimmy, Jingle Bell, Jinja, Jinkx, Jinx, Jinxerella Woowoo, Jinxy, Jitterbug, Jitters, Jo, Jo Jo , Joanna, Jock, Jodie, Jody, Joe, Joe Bunny, Joe Friday, Joey, Joey Bunano, Joey , Johanna, John, John Wayne, Johnnie, Johnny, Johnny Bravo, Johnny Conquest, Johnson, JoJo, Jo-Jo, Joker, Jomo, Jon Claude, Jordan, Jordy, Jorge, Jose, Joseph, Joseph Anthony, Josephine, Josetto, Josh, Josie, Joy, Joyful, Jozef, Jozie, JR, Jr. , Jubjub, Judah, Jude, Judy, Jughead, Jules, Julia, Julie Ann, Julien, Juliet, Julius-Precious BooLoo, Jummy, Jumper, Jumpin’ High, Jumpin’ Jack Flash, Juni, Junior, Juniper, Jupiter, Just A Lady, Just Fine, Justice, Justin, Justine, Jynx , Kabba, Kacey, Ka-Dargo, Kaelum, Kagnee, Kahlan, Kahlua, Kahoku, Kai, Kai Lani, Kaila, Kailee, Kaine, Kaiser, Kaiser Soze, Kala, Kalecio, Kali, Kali Marie, Kaliope, Kalli, Kalulu , Kamikaze, Kammanche , Kandi Girl, Kanga, Kaninus, Kaori, Kaos, Kapatchie, Kappa, Karamel , Karel, Kari, Karl, Kasey, Kat, Katie, Katie-Kat, Katool, Katrinka, Katurah, Katy, Kawalla, Kayla, Kaylee, Kayser, KC, Keano, Keeper, Keeta, Keiko, Keiran, Keisha, Kekili, Kellogg, Kelly, Kelpe, Kemba, Kennedy, Kenny, Keno, Kenoj, Kensey, Kenya, Kenzie, Kerby, Kermit, Kes, Kesha, Keswick, Ketem, Kev, Kevin, Kevyn, Khana, Khazar, Ki, Kibbles, Kicker , Kid, Kiera, Kieren, Kiiwi, Kikat, Kiki, Killer, Killian, Kim, Kimba, Kimmi, King, King Grub, Kink, Kioko, Kiowa, Kip, Kipper, Kipper , Kirby, Kiri, Kisa , Kisham, Kiska, Kiss , Kisses, Kissin, Kita, Kito, Kitten, Kitten Bunny, Kitten , Kitti, Kiwi, Kiwi , Knight , Knockout, Knuckie, Knufflebunny, Koa, Koal, Kobe, Kobi, Kodi, Kodiak, Kody, Koko Black, Koko kitty, Kokomo, Kolli, Komet, Komo, Komokai, Kona, Koo Koo, Kory, Kosmo, Kotten , Koyo Bun Gah, Krackel, Krackle, Krispy, Krissy , Kristal, Krystal, Kuki, Kulu, Kung Pao, Kuni, Kuno, Kuroyuki, Kwiggly, Kyndred, Kyra, Labatt, Label, Lace, Lacey the Witches hare, Lacey , Lacy, Ladd, Laddie, Lady, Lady Arabella Murder Bunnington , Lady Arwen Flopsy Eveningstar, Lady Cheyne, Lady Guinevere, Lady Jane Grey , Lady Luck, Lady Matilda Marie the Divine, Lady Pancakes McFluffy, Lady Peek-at-You, Lady Zorro, Lady , Ladybug, Lager, Laika, Laiko, Lambchop, Lana, Lance, Lancelot, Landor, Lap, Lapina, Lapis, Laplop, Larch, Laredo, Larissa, Larry, Lars, Lassie, Latomus, Latte, Lau, Laufey, Launcelot, Laura, Laurel, Lauren, Lavan , Lavender, Layla, Lazer, Lea, Lea & Perrins, Leaf, Leah Marie Grey , Leap, Leary, Lefty, Legacy, Leia, Leland, Leloo, Lemon, Lemondrop, Lena, Lena Malik, Lenny, Lentil, Leo, Leo , Leonardo, Leonidas, Leonie, Leopold, Leroy, Leslie, Lestat, Lettuce, Letty, Levi, Levi , Leweeze, Lewis, Lexie, LexieGirl, Lexxi, Leza, Lia, Liam, Lianne-a-bell, Libbi, Libby, Liberty, Liberty N Justice, Lick, Licks, Licky, Licorice , Lightening , Lightning, Lil Bit, Lil Girl, Lil Missy, Lil Pepito, Lila, Lilac, Liliannaloo, Lilith, Lillian, Lillibet, Lillie, Lillo, Lilly, Lilly Flower, Lily, Lily Pond, Lily Savage, Linda, Lindsey, Lindy, Linford, Ling Ling, Linnet, Linnie, Lint, Linus, Linus , Lion, Lionel, Lipstick, Lisa, Liselotte, Lita, Little, Little Apache, Little Beggar, Little Big Foot, Little Boy Blue, Little Brave One, Little Braveheart, Little Brown Bear, Little Bud, Little Buddy, Little Bug, Little Bugger , Little Bunny, Little Cloud, Little Coney, Little ears, Little Fella , Little Grey Rabbit, Little Guy, Little Joe, Little King, Little L, Little Miss, Little Miss Muppet, Little Miss Peanut, Little Miss Sunshine, Little Missy, Little Mite, Little Nellie, Little Nutbrown Hare, Little One, Little Orphan Annie, Little pooper, Little Richard, Little Socks, Little Sophie, Little spot, Little Stevie, Little tiger, Little Tony, Littlebud, Littledipper, LittleMissy, Littleone, Littles, Littlestar, Livingstone, Liz, Liza, Lizzie, Lizzy, Lloyd, Lobo, Locke, Lofty, Logan, Lois, Loki, Lola, Lola , Lola Bear, Lollipop, Lolly, Lolo, Lolu, Lone Ranger, Lonesome Pine, Long Ears, Long Shot, Lonnie, Loo Loo, Loo Loo Bird, Looker, Lookout, Loopi, Loopy, Lop of Love, Lopez, Loppet, Loppy, Loppy Lou, Lord Amery Grayer Bunnington , Lord Neville the Devil, Lorenzo, Loretta, Lotte, Lottie, Lotto, Lotus, Louie, Louis, Louisa, Louise, Lovebug, Lovejoy, Loverboy, Lovey, Lovey-dovey, Lucas, Lucee, Lucia, Lucifer, Lucille, Lucky, Lucky Charm, Lucky Jr. , Lucy, Lucy Fur, Lucy Fur Poopalot, Lucy , Lucylou, Ludicrous, Lugosi, Luigi, Luke, LuLu, Lulu , Lumpy, Luna, Luna Belle, Lupetto , Lupi, Lupin, Lupo , Lyla, Lyllie, Lyndon, M&M , Mable, Mac, MacBunny, MacGregor, MacGyver, Mackenzie, MacTavish, Macy, Mad Max, Madam Squeak, Madame , Maddie, Maddy, Madeline, Madelyn, Madge, Madison, Madonna, Mae, Maestro, Mafalda, Magellan, Magenta, Maggie, Maggie Poole, Maggie , Magic, Magic , Magnolia , Magoo, Magpie, Mahana, Maisie, Maissi, Maisy, Maize, Maizie, Maizy, Majesty, Major, Major Tom, Malakai, Malcolm, Mali, Malibu, Malkin, Malone, Malva, Mama, Mamacita, Mama’s Boy, Manager, Mandarin, Mandy, Manga, Mango, Manny, Maple, Maple Nut, Marachino, Marble, Marcel, Marcie, Marco, Marcus, Mardigan, Margarita, Marge, Margo Bun, Margot, Maria, Marie, Marigold, Marijane, Marilyn Bunroe, Marilyn Monroe, Marina, Mariposa, Maripus, Marjorie Poops, Marker, Marketa, Marley, Marlie, Marmaduke, Marmalade, Marmalade , Marmite, Marquis, Mars, Marshmallow, Marshmallow , Marshmellow, Martha, Martin, Martina, Martini, Marushka, Marvin, Marvyn, Mary, Mary Christmas, Mary Contrary, Mary Jane, Marzipan, Mascot, Masiy, Mason, Master, Matej, Matilda, Matilda , Matrix, Maui, Mausi, Maverick, Mavis, Max, Max , Maxence-Eva, Maxi, Maxi , Maxima, Maximilian, Maximillion, Maximino, Maximoto, Maximus, Maxine, Maxwell, Maxxx, May Bell, May Day, Maya, Maybe, Maybellien, Mayhem, Mayhew, Maynerd, Maz, McDuff, McDuffy, McGregor, McGwire, McKenzie, Mckinley, McTavish, Meadow, Meanie, Meatloaf, Medge, Meeko, Meena, Meep, Meg, Megan, Meggie, Meimei, Mein Hare, Mel, Melba, Mellow, Melody, Melrose, Melvin Bodie, Me-me, Me-mel, Menace, Menzies, Meow, Meranda, Mercedes, Mercury, Mercy, Meringue, Merlin, Merlin , Mesha, Messy, Metoo, Metric, Mette, Mette-Marit, Mia, Miami, Micah, Micetto , Michael, Michaela Rose, Michaelea, Michelle, Mick, Mickey, Mickey , Micro, Midge, Midget, Midnight, Midnight Moon, Midnight Star, Midnight , Mietta, Miffy, Mighty Coco, Mighty Coco Pepper, Mighty Murphy, Miguel, Mij, Mikan, Mike, Mikey, Mikhail, Mikki, Mikki Slay, Mila, Milagro, Mildred, Milhous, Milks, Milkshake, Milky, Milky Way, Milla, Miller, Millie, Millie , Milly, Milly-Mop , Milo, Milton, Mimi, Mimico, Mimosa, Mimsy, Mimzy, Min pins, Mindy, Ming, Minibus, Minime, Miniwheat, Minky, Min-Min, Minnie, Minou, Minstrel, Mint, Minty, Minx, Minxie, Mio, Mira, MirandaBunny, Mirri, Misa, Mischief, Mischief , Misdemeanor, Misery, Misfit, Misha, Mishka, Misika, Misiu, Miss Abigail Fluffypaws Nimble, Miss Bun Caerbannog , Miss Bunnie, Miss Bunny, Miss Bunnypenny, Miss Chevious, Miss December , Miss Hap, Miss Honey, Miss Honeybuns, Miss Hop, Miss Isabelle, Miss Lily, Miss Muffit, Miss Pepper , Miss Priss, Miss Sara Poopalot, Miss Tiny, Miss Tutu, Miss-CC, Misse, Missie, Mission Impossible, Mississippi, MissTribblez, Missy, Mistle, Mistletoe, Mistral, Mistress Mink, Misty, Misty , Mitch, Mitchum, Mitho, Mitsu, Mitsy , Mittens, Mitzy, MJ, Mo, Moby, Mocha, Mocha Java, Mocha , Mochachino, Mochachip, Mocho, Modesty, Moe-Man, Moet, Moffet, Moggy, Mogio, Mogwhi, Möhrle, Mojo, Moki, Moko, Mokona, Moley, Molko, Mollie, Molly, Molly Silverpaws, Molly , Molson, Molson Canadian, Moment, Momiji, Monday, Monet, Money, Mongo, Mongo Christmas, Monique, Monkey, Monty, Moo Moo, Moochie, Moody, Moogie, Mookie, Mookie Roux, Moon, Moonbeam, Moonie, Moonlight, Moonshadow, Moonshine, Moose, Moostash, Mop, Mopa, Moppet, Moppy, Mops , Mopsy, Mopsy , Moptop, Morag, Morello, Morgan, Mork, Morning, Morning Dew, Morning Glory, Morning Lily, Morris, Morrison, Morticia, Mortimer, Moses, Moss, Mossy, Motley, Mottley, Mouldy, Moupi, Mouse, Mousey, Moustache, Mousy , Moxie, Mozart, Mr. Babbit, Mr. Ben, Mr. Big, Mr. Bigglesworth, Mr. Bobtail, Mr. Bojangles, Mr. Bun, Mr. Bunjovi, Mr. Bunno, Mr. Bunny, Mr. Butterpants, Mr. Chips, Mr. Cotton-tail, Mr. Darcy, Mr. Desmond Boom Feathers, Mr. Ed , Mr. Fitz, Mr. Fluffles , Mr. Fluffy, Mr. Fluffypants, Mr. Fuzzlebuns, Mr. Gable, Mr. Grumpy, Mr. Guy Pretty, Mr. Magoo, Mr. Miyagi, Mr. Momiji, Mr. Moose, Mr. Muncha, Mr. Naughty, Mr. Nice, Mr. Nubbins, Mr. Pants, Mr. Paper, Mr. Paws, Mr. Peabody, Mr. Peepers, Mr. Peterson, Mr. Pibb, Mr. President , Mr. Skid, Mr. Sly, Mr. Smith, Mr. Snuggle Bunny, Mr. Soggy, Mr. Sparkles , Mr. T, Mr. Tiger Ears , Mr. Tiggles, Mr. Velvet Ears , Mr. Whiskers, Mr. Wigglesworth , Mr. Wiskers, Mr. Wizzer, Mrs. Flump, Mrs. Potter, Mrs. Rabbit, Mrs. Snuggle Bunny, Mrs. Whiskers, Ms. Bunny, Ms. Wiggles , Muckin, Mucky, Mucky Paws, Muddy , Mudpie, Mudslide, Muff, Muffet, Muffie, Muffin , Muffy, Muggs, Mugs , Mulberry, Mulder, Mulle, Mulligan, Mulligan Man, Munchaloo, Munchie, Munchkin, Munchkin , Munrow Pickles, Munshkin, Muppet, Muppet , Murdoch, Murgatroid, Murphy, Murray, Mustache Pete, Mustafa, Mustang, Mustard, Mutley, Muzrri, Myfanwy, Myka, Myra, Myrtle, Mystery, Mysti Swan, Mystic, Mystique, Nadjers, Nadya, Naithen , Näiväle, Nakita, Nala, Nalla, Nancy, Nancy Drew, Nanna, Nanuk, Napoleon, Napper, Nari, Narnia, Nash, Nasubi, Natasha, Nate, Nathen, Natosha, Navigator, Nebby, Nectar, Nectarine, Neepy, Nefertini, Nefertiti, Neiman, Nekkid Bunny, Neko, Nellie, Nelly, Nelson, Nelthilta, Nemie, Nemo, Neo, Neptune, Nero, Neroli, Nestle, Nettie, Nettles, Nevada, Newton, Nibbler, Nibbler Master, Nibbles, Nibblet, Nibblet De Burrows, Niblet, Nibs, Nice, Nicholas, Nick, Nickel, Nickelby, Nickers, Nicki, Nicko Janick Murry, Nicky, Nicodemus, Nicollow, Nifty, Nigel, Nightmare, Nightshade, Nika , Nike, Nikhita, Niki, Niki Coquette, Nikita, Nikki, Niko, Niles, Nilla, Nimbus, Nimmy, Nimrod, Nina, Nini, Ninja, Nipper, Nippy, Nipsy, Nite, Nitro, Nitzel, Niza, Noah, Nocciolina , Noddy, Noel, Noelle, Noisette , Nona, Noodle, Noodlebutt, Noodles, Noodles , Nora, Norboerboel’s Mighty Zebulon , Norman, Norman Bates, Norris, Northwestern, Norton moon, Nosey, Notorious B.U.N., Nubble, Nudge, Nugget, Nugget , Numpty, Nuncio, Nutcake, Nutcase, Nutkin, Nutmeg, Nutt, Nutter Butter, Nutty, Nuzzle, Oatmeal, Obe, Obelix, Obi Wan, Octavia, Odara, Oddsock, Oedipus, Oggy, Okalani-Hawaiian, Olaf, Olay, Ole, Oletta, Olga, Olive, Olive Oyl, Oliver, Oliver , Olivette, Olivia, Ollie, Ollie , Olly , Olympia, Omar, Omaz, Omega, Omelet, Omptah, Ona, Ondrej, Onion, Onix, Online Caroline, OnoMae, Onslow, Ontaria, Onyx, Onyx , Oogli Ardbark, Oolong, Oops, Oot, Opal, Ophelia , Opie, Oprah, Orbit, Orbite, Oreo, Oreo Cookie, Oreo , Orion, Orlando, Orsetto , Orsino , Orsola, Orville, Orwig, Osborne, Oscar, Oscar , Oshawa, Oso, Osy, Othello, Otis, O-Town, Otter, Otto, Otto , Otus, Owen, Owl, Oz , Ozzie, Ozzy, Pac Man, Pacha, Pacific, Paco, Paddie, Paddington, Paddy, Paddy , Pagan, Page, Paige, Paisley, Paka, Pal, Pallina, Pallina , Pallino, Pallino , Paloma, Palomino, Pam, Pamela, Pammy, Pan, Pancake, Pancho, Panda, Panda , Pando, Pandora, Pansy, Panto, Paperchase, Paperina , Paperino , Pa’Pi’to, Pappy, Paprika, Papya, Parfait, Paris, Parsley, Parsnip, Partner, Parvati, Pasha, Pashmina, Pasqualino , Pasquila, Pastelle, Pat, Pat Mustard, Patagonia , Patch, Patch , Patches, Patches , Patchey, Patience, Patrick, Patsy, Patti, Patty, Patty Cake, Pattycake, Paul, Paula, Paulinus, Pavlova, PawPaw, Paws, Peabo Bryson, Peabody, PeaBum, Peaches, Peaches , Peachy, Peanut, Peanut Butter Cup, Peanut Butter , Peanut , Peapod, Pear, Pearl, Pebbles, Pebbles , Pecan, Pede, Pedro, Peekaboo, Peek-a-Boo, Peepers , Peeta, Peggy, Pele, Pellet, Pendleton , Penelope, Penelope Peanut, Penguin, Penn, Penny, Penny Paulene, Penny , Pensey, Peonie, Peony, Pepe, Pepe Le Pew, Pepi, Pepie, Pepper, Pepper Lopez, Pepper Rhea, Pepper , Peppermint, Peppermint Patty, Peppermiz , Peppino, Peppy, Peppy Lady, Pepsi, per, Percival, Percy, Percy , Perdy, Perfect Cut, Periwinkle, Perky, Perros, Perry, Persephone, Perseus, Persil , Perspective, Peru, Perz, Peshi, Pesky, Peso, Petal, Petchin, Pete, Pete My Wicked Rabbit, Peter, Peter Cottontail , Peter Max Junior , Peter Pan, Peter Pipper, Peter Rabbit, Peterkin, Peterloo, Peterson, Petey Rabbit, Petit Pain, Petra, Petula, Petunia, Pewter, Peyton, Pez, Pez D. Spenser, Phaesta, Pharaoh, Pharos, Philbert, Philip, Phodulla, Phoebe, Phoenix, Phoxquest, Phred, Phyllis, Pi, Picasso, Piccolo , Pickachu, Pickin, Pickle, Pickles, Pierino , Pierre, Pierre Escargot, Pierre le lepon , Pig Pen, Pigalow, Piggy, Piglet, Pikachew, Pikachu, Pike, Pilkku, Pillow, Pillsbury, Pinecone, Pinenut, Ping Pong, Pink, Pink Pea, Pinky, Pinny, Pinolo, Pinolo , Pip, Piper, Piper , Pipkin, Pipkin , Pippa, Pippin, Pippo, Pipsqueak, Piqua, Pirate, Pistachio, Pistol, Pitch, Pixel Vander Buns, Pixie, PJ, Placido, Plato, Playboy, playboy , Plop, Plover, Plucky, Plum, Plume, Plushies, Pluto, Pluto , Poco, Pod, Podge, Poe, Pogo, Poincaré, Poinsettia, Poke-a-dot , Pokey, Polar, Polka Dot, Polly, Polly Pompits, Polly , Polo, Pom Pom, Pomelo, Pomeroy, Pomfrit, Pommy, Ponce, Ponch Sport Loco , Ponga, Poo, Pooch, Poochie, Poodle, Pooh, Pooker Dooker, Pookie, Pookie , Pookie-poo , PooPoo, Poopsie, Poopsy, Pootie Tang, Pootle, Poots, Pop, Popcorn, Popeye, Popeye and Olive Oil, Poppet, Poppy, Poppy Lop, Poppy , Popsey, PopTart, Porkchop, Porridge, Porsche, Porter, Porthos, Poser, Possum, Posy, Potroast, Powder, Powderpuff, Prana, Prancer, Precious, Precious One, Precious Purzmore, Precious , Presto, Preston, PrettyThing, Pretzel, Priceless, Pricilla, Pride, Primrose, Prince, Prince Charming, Prince El-ahrairah Casper Fiver, Prince George, Prince Shontom, Prince , Princes, Princess, Princess Babycakes, Princess BunBun, Princess Priscilla, Princess Sophia, Princessa, Prinssi, Prinz, Priscilla, Prism, Prisom, Prissy, Professor Hubert J. Farnsworth, Professor Rabbit Winston, Projectile, Promise, Providence, Prue, Prune, Prunella, Psycho Bunny, Psycho , Puck, Pud, Puddin’ Pie , Pudding, Puddle , Puddleduck, Puddles , Pudge, Pudgie, Puff, Puff the Magic Bunny, Puffdaddy, Puffer, Puffin, Puffy, Pug, Pug Face, Pugs , Pugsli , Pugsy, Puku, Pulcino , Puma , Pumba, Pumpernickle, Pumpkin, Pumpkin Butt, Punch, Punkers, Punkin, Punkinpooh, Pup, Puppy, Pups, Purdy, Purple Princess, Pushkin, Puss, Pussywillow, Puzzle, Pyewacket, Pythagoras, Q-Tip, Quake, Quaker, Quartz, Quasar, Quax, Quayle, Queen, Queen Hopadolla , Queen Isabunny , Queenie, Quentin , Quetzal, Quick Draw, Quiet, Quietly, Quigley, Quincy, Quinn, Quinn , Quinton, Quique, Quiz, Quizzy, R.J., Rab, Rab C. Nesbit, Rabbie, Rabbit, Rabbit Hood, Rabbit Redford, Rabbly, Rabinski, Rabitat Tat, Rabscuttle, Racey, Racey Lady, Rachel, Radar, Radar , Rado, Raffles, Rags, Ragwort, Rahni, Raider, Rain, Rainbow, Rainbow Bright, Raindrop, Raindrop Rainy, Rainy, Raisen, Raisin, Raisin Master, Raisin Roger, Ralph, Ralph , Ralphie, Ralphy, Rambler, Ramblin Rose, Rambo, Rambo , Rambutan, Ramses, Ramsey, Randy, Ranger, Rasberry, Rascal, Rascal E. Rabbit, Rascal T, Rascal , Rasky, Raspberry, Rasta, Raul, Raven, Raven , Raymond, Raz, Razz, Razzle, Reba, Rebel, Receipt, Red, Red , Redbone, Reebok, Reenie, Reeses, Reeses Pieces , Reggie, Reginald, Reginald Tokki Hatter , Regis, Reilly, Reinna, Rejar, Rembrandt, Remington, Remmington, Remote, Remy, Rena, Renegade, Rerun, Respect, Reu, Reuben, Reul, Reva, Reward, Rex, Rex , R-Fur, Rhanna, Rhett, Rhianna, Rhianne, Rhodes, Rhubarb, Riaian, Ribbons, Rice, Richard, Richie, Rick Astley , Ricky, Ricky Bobby, Rico, Rico Suave, Ricochet, Riddy Rat, Rifle, Rigby, Rikky, Riley, Riley , Rin, Rindy, Ringo, Ringo , Rinnan , Rinnie, Rio, Rip Torn, Ripley, Riptags, Ri-Ra, Risky, Ritz, Rival, River, Rivo, Rizzo , Roamer, Rob, Robbie, Robby Rabbit , Robert, Robert , Roberto, Robin, Robin , Robina, Rocco, Rock, Rocket, Rockie, Rocko, Rocky, Rocky , RockyRoad, Rodeo, Rodger, Rodger Rabbit, Rodney, Rody, Rofl, Roger, Roland, Rolf, Rolley, Rollie, Rollins, Rolly, Rolo, Roma, Rome, Romeo, Romeo , Rommell, Ron, Ronnie, Roo, Roobear, Rootbeer, Rory, Rory Rabbit, Rosamund, Rosco, Roscoe , Rose, Rose Petal, Rosebud, Rosemary, Rosepetal, Rosewell, Rosie, Rosie Rabbit, Rosie , Rosina, Roswell, Rosy, Rosy Cottontail, Roto, Roughly, Routine, Rover, Rowan, Rowdie, Rowdy, Rowena, Roxanne, Roxie, Roxie , Roxy, Roxy , Roz, Rozzi, Rrrnia, Ruairi , Rubarb , Ruby, Ruby , Ruckus, Ruckus , Rucy, Rudolph, Rudy, Rue, Ruff, Ruff Cookie, Rufferella, Ruffles, Rufo, Rufus, Ruga, Rugby, Rum, Rummy, Rumpelstiltskin , Runner, Runny Rabbit, Rupert, Rupurt , Ruri, Rusty, Ruth Musser Middle School, Ruthie, Ryijy, Rylee, Sable, Sabrina, Sacko, Sadie, Sadie , Sadiekins, Safari, Safari , Saffron, Saffy, Saga, Sage, Saint Bunny-face the First, Salem, Sally, Salsa, Salt, Salty, Salut, Sam, Sam Logan Berrypie, Sam , Samantha, Sambo, Sambra, Sambucca, Sammie L Jackson, Sammy, Sammy Sosa, Sammy , Sammyclaws, Sampson, Samson, Samuel L, Samwise Gamgee, San, Sancha, SanDee, Sanderlin, Sandwich, Sandy, Sandy , Santa Valentina, Santa , Santa’s Little Helper, Santolina, Saphire, Sapphire, Sarah, Sargent, Saro, Sasafras , Sascha, Sasha, Sasha Bean, Sasha Bean Mugatu, Sasha Belle, Sasha , Sasparilla, Sass, Sassafras Tea, Sassy, Satchmo, Satin, Satine, Saturday, Saucer, Sausage, Savannah, Saxon, Saying Grace, Scamp, Scamper, Scamper Fi, Scamper , Scampi, Scarecrow, Scarlett, Scarlett , Schaneea, Schatz, Schatzee, Schmedley, Schnapp, Schnapps , Schnickelfritz, Schnitzel, Schnook, Schotzie, Schotzy, Scone, Scone MacBunny, Scoobie, Scooby, Scooby Dew, Scooby Do, Scooby Doo, Scoobydoo, Scooch, Scoop, Scoota , Scooter, Scooterbeans, Scorpio , Scotch, Scott, Scottie, Scotty, Scout, Scraggy , Scrapper, Scrappy, Scrappy Too, Scraps, Screech, Screwdriver, Scruffy, Scully, Scuttle, Seabrooke, Seamist, Seamore, Seamus, Sean, Sebastian, Secret, Seeds, Seiko, Senor Turtle, Sen-Sen, Seraphim, Serendipity, Serenity, Serious, Serrano, Sesame, Sessile, Seth, Seven, sey, Seymore, Shaddo, Shade, Shadoe, Shadow, Shadow Binsky Bunny , Shadowfax, Shady, Shaggy, Shaggypoo, Shaker, Shakespeare, Shame, Shami, Shamrock, Shandi, Shandy, Sharley, Sharon, Sharon the Wunderbunny, Shasta, Shaylee, Shazam, Shazbot, Shea, Sheba, Sheena, Sheila, Shelbi, Shelby, Shelby , Shell , Shemp, Shep , Shepton, Sherbert, Sherbet, Sheri, Sherlock Holmes, Sherman, Shermin, Sherrie, Shia, Shilo, Shiloh, Shimmera , Shindy, Shining Star , Shinobi, Shirley Ann, Shiva, Shmoopy, Shmulik, ShnuggleBunny, Shoes, Shooter, Shorty, Showdown, Showoff, Shoyo Nut Zipper, Shpanky, Shpunk, Shredder, Shy, Shy , Shyla, Siamon, Sid, Sid Vicious, Siddie, Sidney, Sierra, Siesta, Sigmund, Silk, Silky, Silky Skyes, Silly , Silver, Silver , Silverado, Silverpaws, Simba, Simon, Simon Schuster, Simone, Simpkin, Simple Simon, Sir Bunbun, Sir Charles Barkley, Sir Chocolate Rocket, Sir Hops Alot , Sir Hopsalot, Sir Hugs-a-lot , Sir Parsley Buttons, Sir Rabbitus Hopitus Furitus the Fourth , Sir Red rocket, Sir Squeaks-a-Lot, Sir. , Sirena, Sirloin, Siskin, Sisqo, Sissy, Sissy , Sitting Bull, Six, Sizzle, Sjeriva, Skamet, Skeeter, Skibbie, Skip, Skipper, Skippy, Skitterbug, Skittles, Skittles , Skitty, Skunk, Skweek, Sky, Skye, Skylard, Skylark, Skynette, Skywalker, Slammer, Slate, Slater, Sleepy, Slick, Slim, Slinky, Slipper , Slippers, Slow Poke, Slurpee, Small, Smartie, Smarty P. Pants, Smelly, Smidge, Smilie, Smirnoff, Smitten, Smoke, Smokey, Smokey Jo, Smokey Joe, Smokie, Smoochie, Smoothie, Smore, Smores , Smudge, Smulan, Smurf, Smuttie, Snap, Snapple, Snazzy, Sneaker, Snicker, Snicker doodles, Snickers, Snickerz, Sniffer, Sniffles, Sniffy, Snipe, Sniper, Snooki, Snookums, Snoop Hoppy Hopp, Snoopy, Snooty, Snooze , Snots, Snow, Snow Bird, Snow cone, Snow Drop, Snow Queen, Snow White, Snowball, Snowbell, Snowbell , Snowberry, Snowbunny, Snowdrift, Snowdrop, Snowey, Snowflake, Snowpea, Snowshoes, Snowy, Snuff, Snuffles, Snuffy, Snug, Snuggle Bum, Snuggle Bunny , Snuggle E. Bunny , Snuggler, Snuggles, Soccer, Socks, Socksie, Socrateez, Socrates, Soda, Sofi, Sofia, Softie, Softie Girl, Softy, Soggy, Sol, Solace, Solay, Soldier, Solo, Solomon, Somerset, Sona, Sonetto, Sonic, Sonnet, Sonny, Soosoo, Sootie, Sooty, Sopapilla, Sophia, Sophie, Sophie , Sorbet, Sorrel, Sorte, Sour, Sourdough, Souris, Southard’s Little Cloud Nine, Sox, Spacey, Spade, Spanky, Sparerib, Spark, Sparkle, Sparkler, Sparkles, Sparky, Sparky , Spat, Spaz, Special Ed, Speck, Speckles, Speedo, Speedwell, Speedy, Speedy Gonzales, Speedy Wabbit, Spencer, Spica, Spice, Spice , Spider, Spider-man , Spike, Spinderella, Spindle, Spindleberry, Spinky, Spinney, Spinny, Spirit, Spirit Shiloh, Spirit , Spitball, Spjaettie, Splash, Splash , Splodge, Spock, Spok, Spook, Spooky, Spooky Boo Spookster, Spookybun, Spoonbill, Sporty Spice, Spot, Spot , Spotta, Spotter, Spottie Dottie, Spree, Sprinkles , Sprite, Spritz, Sprowty, Sprowty Bun the Pootie Princess , Spruce, Spud, Spug, Spunky, Spunky , Sputnik, Sputnik , Squat, Squeak , Squeaker, Squeakers, Squeef, Squeegee, Squib, Squidge, Squidget, Squiggles , Squirt, sss, St. Charles, St. John, Stacy , Stainless, Stamper, Stanley, Stanzi, Star, Starbit, Starbright, Starbuck, Starburst, Stardust, Starlight, Starling, Starr, Starsky, Starwz Sasha, Stella, Stephen, Steve, Steven, Stevie Wonder, Stew, Stew , Stewart Little, Stewy, Stimpy, Stinky Baby, Stitch, Stixx, Stoli, Storm, Stormin Norman, Stormy, Stormy Weather Chinwhiske, Stormy , Stout, Strawberry, Strawberry , Stretch, Striker, Stringbean, Stripey, Strudel , Stryker, Stu , Stuart, Stuart Little , Studium, Stumper, Stunt, Style, Sugar, Sugar Baby, Sugar Bear, Sugar Maple, Sugar , SugarBaby, Sugarbear, Sugarcane, Sugarcube, SugarLove, Sugarnuts, Sugarpatch, Sugarplum, Sugarpuff, Sukey, Suki, Suleila, Sulez Crescendo, Sulky, Sullivan, Sulo, Summer, Summit, Sun dust, Sunbeam, Sundance, Sunday, Sundial, Sunflower, Sunkist, Sunniva, Sunny, Sunny Tomato, Sunny , Sunset, Sunshine, Sunshine , Super Bunny , Superbun, Supercherry, Superman & Wonderwoman, Surf , Surprise, Susan, Susannah, Sushi, Susi , Susu, Suzanne, Suzette, Swampy, Sweep, Sweet, Sweet chestnut, Sweet gum drops, Sweet Heart, Sweet Joe Pye , Sweet Little Hare, Sweet Pea , Sweet Pepper, Sweet Sugar, Sweetbunny, Sweetcorn, Sweetdream, Sweeter Peter, Sweetie, Sweetie Pie, Sweetpea, Sweetpea Superbuny, Swift, Swirl, Swiss, Swizzle, Swoozie, Sybil, Sybil Vane, Sydney, Sylvester, Sylvie, Sylvie Sunflower, Sytse , Tabby, Tabitha, Tabitha Twitchit, Tabou, Tabu, Taco, Tad, Tadpole, Taffeta, Taffy, Taffy , Tag, Taja, Tali , Talibunny, Tallon, Tallulah, Tallulah Belle, Tallulah Bighead, Tallyho, Talua, Tamale, Tamara, Tammy, Tammy Faye, Tamsin, Tangerine, Tangiers, Tango, Tanita, Tank, Tank , Tanker, Tanner, Tansy, Tao, Tao Jin, Tar, Tara, Target, Tarquin, Tarragon, Tarzan, Tasha, Tasmanian Devil, Tassles, Tater, Tater , Tator Tot, Tatts, Taupo Gigio, Tausha, Tawny, Taylor Fizgig, Taz, Taz , Tazo, Tazz, Tazzi, T-Bone, T-Bow Texas, Teabag, Teach, Teasel, Teaser, Ted, Teddy, Teddy , Teema, Tekla, Telly, Tempess, Ten Ten, Tenner, Tennessee, Tennison, Tenny, Tequila, Terah, Teresina, Tereza, Terry, Tess, Tex, Thankyou, The Bun, The Bun-Man , The Bunster, The Colonel , The Dutchess of Oreo, The Pea, The Snoop, Theloneus, Theo, Theodore King, Theorem, Thimble, Thistle, Thom, Thomas, Thor, Thorbian, Thornberry, Thornton, Thorton, Throttle, Thud, Thumbalina, Thump, Thumper, Thumper Bumper, ThumpPierre, Thunder, Thunderbolt, Thunderchaps, Thunderpaws, Thundertoes, Thursday, Tia, Tiana, Tibbar , Tibbles, Tic Tac, Tichet, Tickle, Tico Mysholyes, TicTok, Tiddle , Tide, Tiffany, Tiffy, Tiger, Tiger Lily, TigerLily, Tigershell, Tigger, Tigger-brat, Tiggie, Tiggy, Tiggywinkle, Tiili, Tika, Tilkkutakki, Tilly, Tim, Timber, Timber , Timberlee, Time, Time Bandit, Timmy, Timotei, Timothy, Tin Man, Tin Tin, Tina, Tina Louise, Tingles, Tinker, Tinker Bell, Tinkerbell Warmpaws, Tinkles, Tinsel, Tinseltown’s per, Tiny, Tiny Tim, Tio, Tip Top, Tipper, Tipper , Tippet, Tippi, Tippy, Tipsy, Tipsy Marie Turvy, Tiptoe, Tiramisu, Titan, Titch, Titus, TJ, Toad, Toaster, Toasty, Tobey , Tobias L. Bunny, Toby, Toby , Tod, Todd, Todo, Toe Toe, Toe White, Toes, Toffee, Toffee , Tofu, Toki, Tokio, Tom, Tom Tom, Tomato, Tommasino , Tommy, TomTom, Tonka, Tonto, Tony, Toodles, Tooie, Took Took, Toot, Toothpick, Tootsie, Tootsie Roll, Top Gun, Topaz , Topina, Topino, Topo, Topsy , Tori, Tornado, Toronto, Tortoise Shell, Torvil, Tosca, Toska, Tostino , Tot , ToTo, Totte, Toulouse, Touluse, Toxic, Toyah, Tracey, Tracker, Tracy, Travis, Treacle, Treasure, Treat, Treeny, Trevor, Trezor, Tribblez, Trick, Tricks, Trickster, Tricky, Trigger, Trigger , Trik Z , Trisket, Tristan, Tristian, Tristin, Tritt, Trix, Trix , Trixie, Trixie , Troika, Trolley, Trooper, Trophy, Trouble, Trouble , Trout, Trudi, Trudie, Trudy, True Aurora, Truffle, Truffles, Trumpet, Tsarina, Tubby , Tuck, Tucker, Tucky, Tudney, Tudor Bunny, Tuesday, Tuff, Tuff Little Nut, Tuffnut, Tuffy, Tufty, Tug, Tugger, Tuhka, Tuki, Tula, Tulip, Tully, Tumble, Tumbleweed, Tuna, Tundra, Tuppence, Turbo, Turbo kitty, Turbo , Turi, Turnip, Turquiose, Tuscan, Tutti Fruitti, Tutu, Tweed, Tweetie-Pie, Tweety, Tweety Pie, Twerp, Twiglet, Twilight, Twinkie, Twinkie , Twinkle, Twinkle Toes, Twinklenose, Twinklenose Bumblebee Wabbit , Twinkles , Twinx, Twisted Whiskers , Twister, Twitch, Twix, Twix , Twixie, Two Spot, Two Thousand Degrees, Two Tone, Twosocks, Ty, Tyla, Tylee, Tyler, Tyson, Ubu, Ugly, Ukki , Ulay, Uli, Ulla, Ulma, Ulrika, Ultra, Uma, Umeko, Una, Uncle Buck , Uncle Rabbit, Underfoot, Uni, Unicorn, Union, Unique, Unise, Uno, Untouchable, Ups , Urbi, Urchin, Uriel, Ursula, Usagi, Utah, Utsukushii-chan, V.W. Rabbit, Vader, Valentine, Valentino, Valiant Wonder, Valkyrie, Valo, Vamp, Van, Vanilla, Vanilla , Vegas , Velcro, Velour, Velvet, Velvet , Velveteen, Velveteen , Venture, Venus, Venus , Verity, Verne, Vernon, Veronica, Verve, Vesta, Vicky, Victim, Victor, Victoria, Vida Lou, Vienna, Viennetta, Viiru, Vikke, Villan, Vin Diesel , Vinca, Vinnie, Violet, Violetta, Virgil, Vladamir , Vladi, Vladimir, Vodka, Volcano, Volpino , Vosco, Vresia , Wabbit, Wabush , Waddlesworth, Waffles, Wag, Wagstaff, Waikiki, Waldo, Wallaby, Wallace, Wallflower, Wallis, Wally, Wally Leap, Walnut, Walso, Walter, Wanda, Wanikiya Cikala, Warbells Holly Tanglepaws, Warden, Warning, Warren, Warren Peace, Wascal, Washa, Washington, Water, Waterberry, Waverly, Waycoco, Wayne, Webley, Webster, Wednesday, WeeBunBun , Weetabix, Weiner, Wellington, Wellington , Welly, Wendy, Wesker, Wesley, Westley, Whiffy, Whinny, Whippet, Whiskers, Whiskers , Whiskey , Whisky, Whisper, White, White Poppy, Whitepoppy, Whitney, Whizzer, Whoopie, Wickett, Widgeon, Widget, Wig, WiggleButt, Wiggler, Wiggles, Wiggles , Wiggy, Wilbuhr , Wilbur, Wild Boy, Wild Er, Wild Man, Wild One, Wild Rose, Wild Thing , Wilder, Wildflower, Wiley, Wilf, Wilfred, Will, William, Willie, Willie Wonka, Willow, Willow , Willy, Wilma, Wilmot, Wilson, Wimpy, Winchester, Windsor, Windy, Winifred, Winkly, Winnetoe, Winnie, Winnie Wabbit, Winnipeg, Winslow, Winston, Winston , Winter, Wiser, Wish , Wispa, Witch Hazel, Witte, Witty, Wizz, Wobble, Woffie, Woffit, Woffit Woo Woo, Wolf, Wolfberry, Wolfgang, Wolfie, Wonder, Wonder Bunny, Wonder Woman , Wonker, Woodpack, Woodruff, Woodstock, Woody, Woody Woodpecker, Woody , Woof, Wookie, Woolly, Woolsworth, Woopy, Wooster, Woowoo, Woozy, Worcester, Worf, Worm, Wormy, Wozzy, Wrangler, Wrigley, Wrinkles, Wruffnut, Wruffy, Wuddly, Wyatt, Wylie, Xanadu, Xander, Xantha, Xavier, Xena, Xena , Xenia, Xia, Xisoir, XL, Xpress, X-ray, Xtra, Xylia, Yabba, Yabba-Dabba-Doo, Yahtzee, Yampa, Yaniff, Yankee, Yankee , Yanna, Yarrow, Yasha, Yasmin, Yasmine, Yelena, Yeller, Yeva, Yo Yo, Yoda, Yogi, Yogi , Yoko, Yolo, Yonkers, Yoo-Hoo, Yorkie, Yosemite, Yosemite Sam, Yoshi, Yoyo, Yuki, Yukon, Yule, Yumi, Yves, Zachary, Zacman, Zahn, Zambouka, Zammadeus, Zanna, Zaphod, Zebedee, Zeeza, Zeigler, Zeke, Zelda, Zenith, Zephyr, Zero, Zest, Zesty, Zeus, Zeus , Zeuss, Zeusy, Ziggy, Ziggy Stardust, Zig-Zag, Zilla, Zim, Zimba, Zimmerman, Zina, Zipper, Zippo, Zippy, Zippy , Ziz, Z-Man, Zoe, Zoey, Zoie, Zonkers, Zoolander , Zoom, Zorro, Z’phire, Zsa Zsa, Zucchini, Zucher, Zuma, Zuni, Zunnie, Zuri, Zuzu
